,prompt,classes,answer_index
0,"Determine whether the following pairs of sentences embody an entailment, contradiction, or neutral relation. Not all people have had the opportunities you have had. Some people have not had the opportunities you have had. Answer:","[' contradiction',' entailment',' neutral']",1
1,"Determine whether the following pairs of sentences embody an entailment, contradiction, or neutral relation. Not all people have had the opportunities you have had. Some people have had the opportunities you have had. Answer:","[' contradiction',' entailment',' neutral']",1
2,"Determine whether the following pairs of sentences embody an entailment, contradiction, or neutral relation. Not all people have had the opportunities you have had. Every person has had the opportunities you have had. Answer:","[' contradiction',' entailment',' neutral']",0
3,"Determine whether the following pairs of sentences embody an entailment, contradiction, or neutral relation. Not all people have had the opportunities you have had. Not every person has had the opportunities you have had. Answer:","[' contradiction',' entailment',' neutral']",1
4,"Determine whether the following pairs of sentences embody an entailment, contradiction, or neutral relation. Not all people have had the opportunities you have had. All people have not had the opportunities you have had. Answer:","[' contradiction',' entailment',' neutral']",0
5,"Determine whether the following pairs of sentences embody an entailment, contradiction, or neutral relation. Not all people have had the opportunities you have had. All people have had the opportunities you have had. Answer:","[' contradiction',' entailment',' neutral']",0
6,"Determine whether the following pairs of sentences embody an entailment, contradiction, or neutral relation. Not all people have had the opportunities you have had. Not all people have had the opportunities you have not had. Answer:","[' contradiction',' entailment',' neutral']",2
7,"Determine whether the following pairs of sentences embody an entailment, contradiction, or neutral relation. Not all people have had the opportunities you have had. No one has had the opportunities you have had. Answer:","[' contradiction',' entailment',' neutral']",0
8,"Determine whether the following pairs of sentences embody an entailment, contradiction, or neutral relation. I saw nothing at all. I didn't see anything at all. Answer:","[' contradiction',' entailment',' neutral']",1
9,"Determine whether the following pairs of sentences embody an entailment, contradiction, or neutral relation. I saw nothing at all. I saw something. Answer:","[' contradiction',' entailment',' neutral']",0
10,"Determine whether the following pairs of sentences embody an entailment, contradiction, or neutral relation. I saw nothing at all. I did not see something. Answer:","[' contradiction',' entailment',' neutral']",1
11,"Determine whether the following pairs of sentences embody an entailment, contradiction, or neutral relation. Not often do we see her lose her cool like that. We do not see her lose her cool like that often. Answer:","[' contradiction',' entailment',' neutral']",1
12,"Determine whether the following pairs of sentences embody an entailment, contradiction, or neutral relation. Not often do we see her lose her cool like that. She does not lose her cool like that often. Answer:","[' contradiction',' entailment',' neutral']",2
13,"Determine whether the following pairs of sentences embody an entailment, contradiction, or neutral relation. Not often do we see her lose her cool like that. We see her lose her cool like that often. Answer:","[' contradiction',' entailment',' neutral']",0
14,"Determine whether the following pairs of sentences embody an entailment, contradiction, or neutral relation. Not often do we see her lose her cool like that. Sometimes we see her lose her cool like that. Answer:","[' contradiction',' entailment',' neutral']",1
15,"Determine whether the following pairs of sentences embody an entailment, contradiction, or neutral relation. Not often do we see her lose her cool like that. Sometimes we do not see her lose her cool like that. Answer:","[' contradiction',' entailment',' neutral']",0
16,"Determine whether the following pairs of sentences embody an entailment, contradiction, or neutral relation. Not often do we see her lose her cool like that. We do not see her often. Answer:","[' contradiction',' entailment',' neutral']",2
17,"Determine whether the following pairs of sentences embody an entailment, contradiction, or neutral relation. Not often do we see her lose her cool like that. We do not see her lose her cool like him often. Answer:","[' contradiction',' entailment',' neutral']",2
18,"Determine whether the following pairs of sentences embody an entailment, contradiction, or neutral relation. Not one person supported the proposal. Some people supported the proposal. Answer:","[' contradiction',' entailment',' neutral']",0
19,"Determine whether the following pairs of sentences embody an entailment, contradiction, or neutral relation. Not one person supported the proposal. Some people did not support the proposal. Answer:","[' contradiction',' entailment',' neutral']",1
20,"Determine whether the following pairs of sentences embody an entailment, contradiction, or neutral relation. Not one person supported the proposal. Everyone supported the proposal. Answer:","[' contradiction',' entailment',' neutral']",0
21,"Determine whether the following pairs of sentences embody an entailment, contradiction, or neutral relation. Not one person supported the proposal. Everyone did not support the proposal. Answer:","[' contradiction',' entailment',' neutral']",1
22,"Determine whether the following pairs of sentences embody an entailment, contradiction, or neutral relation. Not one person supported the proposal. No one supported the proposal. Answer:","[' contradiction',' entailment',' neutral']",1
23,"Determine whether the following pairs of sentences embody an entailment, contradiction, or neutral relation. Not one person supported the proposal. No one did not support the proposal. Answer:","[' contradiction',' entailment',' neutral']",0
24,"Determine whether the following pairs of sentences embody an entailment, contradiction, or neutral relation. Not one person supported the proposal. One person did not support the proposal. Answer:","[' contradiction',' entailment',' neutral']",1
25,"Determine whether the following pairs of sentences embody an entailment, contradiction, or neutral relation. Not one person supported the proposal. One person supported the proposal. Answer:","[' contradiction',' entailment',' neutral']",0
26,"Determine whether the following pairs of sentences embody an entailment, contradiction, or neutral relation. Not one person supported the proposal. Two people did not support the proposal. Answer:","[' contradiction',' entailment',' neutral']",1
27,"Determine whether the following pairs of sentences embody an entailment, contradiction, or neutral relation. Not one person supported the proposal. Two people supported the proposal. Answer:","[' contradiction',' entailment',' neutral']",0
28,"Determine whether the following pairs of sentences embody an entailment, contradiction, or neutral relation. Not one person supported the proposal. Twenty people did not support the proposal. Answer:","[' contradiction',' entailment',' neutral']",2
29,"Determine whether the following pairs of sentences embody an entailment, contradiction, or neutral relation. Not one person supported the proposal. Twenty people supported the proposal. Answer:","[' contradiction',' entailment',' neutral']",0
30,"Determine whether the following pairs of sentences embody an entailment, contradiction, or neutral relation. They had found not one mistake. They had found more than one mistake. Answer:","[' contradiction',' entailment',' neutral']",1
31,"Determine whether the following pairs of sentences embody an entailment, contradiction, or neutral relation. They had found not one mistake. They had not found more than one mistake. Answer:","[' contradiction',' entailment',' neutral']",0
32,"Determine whether the following pairs of sentences embody an entailment, contradiction, or neutral relation. They had found not one mistake. They had found less than one mistake. Answer:","[' contradiction',' entailment',' neutral']",0
33,"Determine whether the following pairs of sentences embody an entailment, contradiction, or neutral relation. They had found not one mistake. They had found two mistakes. Answer:","[' contradiction',' entailment',' neutral']",2
34,"Determine whether the following pairs of sentences embody an entailment, contradiction, or neutral relation. They had found not one mistake. They had not found two mistakes. Answer:","[' contradiction',' entailment',' neutral']",0
35,"Determine whether the following pairs of sentences embody an entailment, contradiction, or neutral relation. They had found not one mistake. They had found twenty mistakes. Answer:","[' contradiction',' entailment',' neutral']",2
36,"Determine whether the following pairs of sentences embody an entailment, contradiction, or neutral relation. They had found not one mistake. They had not found twenty mistakes. Answer:","[' contradiction',' entailment',' neutral']",2
37,"Determine whether the following pairs of sentences embody an entailment, contradiction, or neutral relation. They had found not one mistake. They had found some mistakes. Answer:","[' contradiction',' entailment',' neutral']",1
38,"Determine whether the following pairs of sentences embody an entailment, contradiction, or neutral relation. They had found not one mistake. They had found not all mistakes. Answer:","[' contradiction',' entailment',' neutral']",2
39,"Determine whether the following pairs of sentences embody an entailment, contradiction, or neutral relation. They had found not one mistake. They had found all mistakes. Answer:","[' contradiction',' entailment',' neutral']",2
40,"Determine whether the following pairs of sentences embody an entailment, contradiction, or neutral relation. They had found not one mistake. They had not found even one mistake. Answer:","[' contradiction',' entailment',' neutral']",0
41,"Determine whether the following pairs of sentences embody an entailment, contradiction, or neutral relation. They had found not one mistake. They had found not every mistake. Answer:","[' contradiction',' entailment',' neutral']",2
42,"Determine whether the following pairs of sentences embody an entailment, contradiction, or neutral relation. They had found not one mistake. They had found every mistake. Answer:","[' contradiction',' entailment',' neutral']",2
43,"Determine whether the following pairs of sentences embody an entailment, contradiction, or neutral relation. They had found not one mistake. They had not found only one mistake. Answer:","[' contradiction',' entailment',' neutral']",1
44,"Determine whether the following pairs of sentences embody an entailment, contradiction, or neutral relation. They had found not one mistake. They had not found any mistakes. Answer:","[' contradiction',' entailment',' neutral']",0
45,"Determine whether the following pairs of sentences embody an entailment, contradiction, or neutral relation. They had found not one mistake. They had not found some mistakes. Answer:","[' contradiction',' entailment',' neutral']",2
46,"Determine whether the following pairs of sentences embody an entailment, contradiction, or neutral relation. Not one, not two, but three of them made the mistake. Three of them made the mistake. Answer:","[' contradiction',' entailment',' neutral']",1
47,"Determine whether the following pairs of sentences embody an entailment, contradiction, or neutral relation. Not one, not two, but three of them made the mistake. Three of them did not make the mistake. Answer:","[' contradiction',' entailment',' neutral']",0
48,"Determine whether the following pairs of sentences embody an entailment, contradiction, or neutral relation. Not one, not two, but three of them made the mistake. More than three of them made the mistake. Answer:","[' contradiction',' entailment',' neutral']",0
49,"Determine whether the following pairs of sentences embody an entailment, contradiction, or neutral relation. Not one, not two, but three of them made the mistake. More than two of them made the mistake. Answer:","[' contradiction',' entailment',' neutral']",1
50,"Determine whether the following pairs of sentences embody an entailment, contradiction, or neutral relation. Not one, not two, but three of them made the mistake. More than one of them made the mistake. Answer:","[' contradiction',' entailment',' neutral']",1
51,"Determine whether the following pairs of sentences embody an entailment, contradiction, or neutral relation. Not one, not two, but three of them made the mistake. More than three of them did not make the mistake. Answer:","[' contradiction',' entailment',' neutral']",2
52,"Determine whether the following pairs of sentences embody an entailment, contradiction, or neutral relation. Not one, not two, but three of them made the mistake. More than two of them did not make the mistake. Answer:","[' contradiction',' entailment',' neutral']",2
53,"Determine whether the following pairs of sentences embody an entailment, contradiction, or neutral relation. Not one, not two, but three of them made the mistake. More than one of them did not make the mistake. Answer:","[' contradiction',' entailment',' neutral']",2
54,"Determine whether the following pairs of sentences embody an entailment, contradiction, or neutral relation. Not one, not two, but three of them made the mistake. Less than three of them made the mistake. Answer:","[' contradiction',' entailment',' neutral']",0
55,"Determine whether the following pairs of sentences embody an entailment, contradiction, or neutral relation. Not one, not two, but three of them made the mistake. Less than two of them made the mistake. Answer:","[' contradiction',' entailment',' neutral']",0
56,"Determine whether the following pairs of sentences embody an entailment, contradiction, or neutral relation. Not one, not two, but three of them made the mistake. Less than four of them made the mistake. Answer:","[' contradiction',' entailment',' neutral']",1
57,"Determine whether the following pairs of sentences embody an entailment, contradiction, or neutral relation. Not one, not two, but three of them made the mistake. One of them made the mistake. Answer:","[' contradiction',' entailment',' neutral']",1
58,"Determine whether the following pairs of sentences embody an entailment, contradiction, or neutral relation. Not one, not two, but three of them made the mistake. Two of them made the mistake. Answer:","[' contradiction',' entailment',' neutral']",1
59,"Determine whether the following pairs of sentences embody an entailment, contradiction, or neutral relation. Not one, not two, but three of them made the mistake. One of them did not make the mistake. Answer:","[' contradiction',' entailment',' neutral']",0
60,"Determine whether the following pairs of sentences embody an entailment, contradiction, or neutral relation. Not one, not two, but three of them made the mistake. Two of them did not make the mistake. Answer:","[' contradiction',' entailment',' neutral']",0
61,"Determine whether the following pairs of sentences embody an entailment, contradiction, or neutral relation. Not two years ago this company was ranked in the top ten. Less than two years ago this company was ranked in the top ten. Answer:","[' contradiction',' entailment',' neutral']",1
62,"Determine whether the following pairs of sentences embody an entailment, contradiction, or neutral relation. Not two years ago this company was ranked in the top ten. More than two years ago this company was ranked in the top ten. Answer:","[' contradiction',' entailment',' neutral']",2
63,"Determine whether the following pairs of sentences embody an entailment, contradiction, or neutral relation. Not two years ago this company was ranked in the top ten. Less than two years ago this company was not ranked in the top ten. Answer:","[' contradiction',' entailment',' neutral']",0
64,"Determine whether the following pairs of sentences embody an entailment, contradiction, or neutral relation. Not two years ago this company was ranked in the top ten. More than two years ago this company was not ranked in the top ten. Answer:","[' contradiction',' entailment',' neutral']",2
65,"Determine whether the following pairs of sentences embody an entailment, contradiction, or neutral relation. Not two years ago this company was ranked in the top ten. Two years ago this company was not ranked in the top ten. Answer:","[' contradiction',' entailment',' neutral']",0
66,"Determine whether the following pairs of sentences embody an entailment, contradiction, or neutral relation. Not two years ago this company was ranked in the top ten. Two years ago this company was ranked in the top ten. Answer:","[' contradiction',' entailment',' neutral']",1
67,"Determine whether the following pairs of sentences embody an entailment, contradiction, or neutral relation. Not two years ago this company was ranked in the top ten. Twenty years ago this company was not ranked in the top ten. Answer:","[' contradiction',' entailment',' neutral']",2
68,"Determine whether the following pairs of sentences embody an entailment, contradiction, or neutral relation. Not two years ago this company was ranked in the top ten. Twenty years ago this company was ranked in the top ten. Answer:","[' contradiction',' entailment',' neutral']",2
69,"Determine whether the following pairs of sentences embody an entailment, contradiction, or neutral relation. Not two years ago this company was ranked in the top ten. One year ago this company was ranked in the top ten. Answer:","[' contradiction',' entailment',' neutral']",0
70,"Determine whether the following pairs of sentences embody an entailment, contradiction, or neutral relation. Not two years ago this company was ranked in the top ten. One year ago this company was not ranked in the top ten. Answer:","[' contradiction',' entailment',' neutral']",1
71,"Determine whether the following pairs of sentences embody an entailment, contradiction, or neutral relation. He was here not ten minutes ago. He was here less than ten minutes ago. Answer:","[' contradiction',' entailment',' neutral']",1
72,"Determine whether the following pairs of sentences embody an entailment, contradiction, or neutral relation. He was here not ten minutes ago. He was not here less than ten minutes ago. Answer:","[' contradiction',' entailment',' neutral']",0
73,"Determine whether the following pairs of sentences embody an entailment, contradiction, or neutral relation. He was here not ten minutes ago. He was here more than ten minutes ago. Answer:","[' contradiction',' entailment',' neutral']",2
74,"Determine whether the following pairs of sentences embody an entailment, contradiction, or neutral relation. He was here not ten minutes ago. He was not here more than ten minutes ago. Answer:","[' contradiction',' entailment',' neutral']",2
75,"Determine whether the following pairs of sentences embody an entailment, contradiction, or neutral relation. He was here not ten minutes ago. He was not here ten minutes ago. Answer:","[' contradiction',' entailment',' neutral']",0
76,"Determine whether the following pairs of sentences embody an entailment, contradiction, or neutral relation. He was here not ten minutes ago. He was here ten minutes ago. Answer:","[' contradiction',' entailment',' neutral']",1
77,"Determine whether the following pairs of sentences embody an entailment, contradiction, or neutral relation. He was here not ten minutes ago. He was here one minute ago. Answer:","[' contradiction',' entailment',' neutral']",0
78,"Determine whether the following pairs of sentences embody an entailment, contradiction, or neutral relation. He was here not ten minutes ago. He was not here one minute ago Answer:","[' contradiction',' entailment',' neutral']",1
79,"Determine whether the following pairs of sentences embody an entailment, contradiction, or neutral relation. He was here not ten minutes ago. He was here twenty minutes ago. Answer:","[' contradiction',' entailment',' neutral']",2
80,"Determine whether the following pairs of sentences embody an entailment, contradiction, or neutral relation. He was here not ten minutes ago. He was not here twenty minutes ago Answer:","[' contradiction',' entailment',' neutral']",2
81,"Determine whether the following pairs of sentences embody an entailment, contradiction, or neutral relation. His speech had caused not a little confusion. His speech had not caused a little confusion. Answer:","[' contradiction',' entailment',' neutral']",1
82,"Determine whether the following pairs of sentences embody an entailment, contradiction, or neutral relation. His speech had caused not a little confusion. His speech had caused a little confusion. Answer:","[' contradiction',' entailment',' neutral']",0
83,"Determine whether the following pairs of sentences embody an entailment, contradiction, or neutral relation. His speech had caused not a little confusion. His speech had not caused confusion. Answer:","[' contradiction',' entailment',' neutral']",0
84,"Determine whether the following pairs of sentences embody an entailment, contradiction, or neutral relation. His speech had caused not a little confusion. His speech had caused confusion. Answer:","[' contradiction',' entailment',' neutral']",1
85,"Determine whether the following pairs of sentences embody an entailment, contradiction, or neutral relation. His speech had caused not a little confusion. His speech had caused a not little confusion. Answer:","[' contradiction',' entailment',' neutral']",1
86,"Determine whether the following pairs of sentences embody an entailment, contradiction, or neutral relation. His speech had caused not a little confusion. His speech had caused much confusion. Answer:","[' contradiction',' entailment',' neutral']",1
87,"Determine whether the following pairs of sentences embody an entailment, contradiction, or neutral relation. His speech had caused not a little confusion. His speech had not caused much confusion. Answer:","[' contradiction',' entailment',' neutral']",0
88,"Determine whether the following pairs of sentences embody an entailment, contradiction, or neutral relation. A mistake would be costly and not a little embarrassing. A mistake would not be costly and a little embarassing Answer:","[' contradiction',' entailment',' neutral']",0
89,"Determine whether the following pairs of sentences embody an entailment, contradiction, or neutral relation. A mistake would be costly and not a little embarrassing. A mistake would be costly and very embarassing Answer:","[' contradiction',' entailment',' neutral']",1
90,"Determine whether the following pairs of sentences embody an entailment, contradiction, or neutral relation. A mistake would be costly and not a little embarrassing. A mistake would not be costly and very embarassing Answer:","[' contradiction',' entailment',' neutral']",0
91,"Determine whether the following pairs of sentences embody an entailment, contradiction, or neutral relation. A mistake would be costly and not a little embarrassing. A mistake would not be costly and not a little embarassing Answer:","[' contradiction',' entailment',' neutral']",0
92,"Determine whether the following pairs of sentences embody an entailment, contradiction, or neutral relation. Not even Ed approved of the plan Even Ed did not approve of the plan. Answer:","[' contradiction',' entailment',' neutral']",1
93,"Determine whether the following pairs of sentences embody an entailment, contradiction, or neutral relation. Not even Ed approved of the plan Even Ed approved of the plan. Answer:","[' contradiction',' entailment',' neutral']",0
94,"Determine whether the following pairs of sentences embody an entailment, contradiction, or neutral relation. Not even Ed approved of the plan Not only Ed approved of the plan. Answer:","[' contradiction',' entailment',' neutral']",0
95,"Determine whether the following pairs of sentences embody an entailment, contradiction, or neutral relation. Not even Ed approved of the plan Only Ed approved of the plan. Answer:","[' contradiction',' entailment',' neutral']",0
96,"Determine whether the following pairs of sentences embody an entailment, contradiction, or neutral relation. Not even Ed approved of the plan Only Ed did not approve of the plan. Answer:","[' contradiction',' entailment',' neutral']",0
97,"Determine whether the following pairs of sentences embody an entailment, contradiction, or neutral relation. Not even Ed approved of the plan Not even Ed or Sally approve of the plan. Answer:","[' contradiction',' entailment',' neutral']",2
98,"Determine whether the following pairs of sentences embody an entailment, contradiction, or neutral relation. Not only Ed approved of the plan. Ed was not the only one who approved of the plan. Answer:","[' contradiction',' entailment',' neutral']",1
99,"Determine whether the following pairs of sentences embody an entailment, contradiction, or neutral relation. Not only Ed approved of the plan. Not even Ed approved of the plan. Answer:","[' contradiction',' entailment',' neutral']",0
100,"Determine whether the following pairs of sentences embody an entailment, contradiction, or neutral relation. Not only Ed approved of the plan. Ed approved of the plan. Answer:","[' contradiction',' entailment',' neutral']",1
101,"Determine whether the following pairs of sentences embody an entailment, contradiction, or neutral relation. Not only Ed approved of the plan. Ed not only approved of the plan. Answer:","[' contradiction',' entailment',' neutral']",2
102,"Determine whether the following pairs of sentences embody an entailment, contradiction, or neutral relation. Not only Ed approved of the plan. Only Ed approved of the plan. Answer:","[' contradiction',' entailment',' neutral']",0
103,"Determine whether the following pairs of sentences embody an entailment, contradiction, or neutral relation. Not only Ed approved of the plan. Ed and some others approved of the plan. Answer:","[' contradiction',' entailment',' neutral']",1
104,"Determine whether the following pairs of sentences embody an entailment, contradiction, or neutral relation. Not even then did he lose patience. Even then, he did not lose patience. Answer:","[' contradiction',' entailment',' neutral']",1
105,"Determine whether the following pairs of sentences embody an entailment, contradiction, or neutral relation. Not even then did he lose patience. He did not lose patience even then. Answer:","[' contradiction',' entailment',' neutral']",1
106,"Determine whether the following pairs of sentences embody an entailment, contradiction, or neutral relation. Not even then did he lose patience. Not only then did he lose patience. Answer:","[' contradiction',' entailment',' neutral']",0
107,"Determine whether the following pairs of sentences embody an entailment, contradiction, or neutral relation. Not even then did he lose patience. Only then did he lose patience. Answer:","[' contradiction',' entailment',' neutral']",0
108,"Determine whether the following pairs of sentences embody an entailment, contradiction, or neutral relation. Not only was the acting appalling, the movie was far too long. The movie was far too long and the acting was appalling. Answer:","[' contradiction',' entailment',' neutral']",1
109,"Determine whether the following pairs of sentences embody an entailment, contradiction, or neutral relation. Not only was the acting appalling, the movie was far too long. The movie was not only far too long but the acting was also appalling. Answer:","[' contradiction',' entailment',' neutral']",1
110,"Determine whether the following pairs of sentences embody an entailment, contradiction, or neutral relation. Not only was the acting appalling, the movie was far too long. The movie was far too long but the acting was not appalling. Answer:","[' contradiction',' entailment',' neutral']",0
111,"Determine whether the following pairs of sentences embody an entailment, contradiction, or neutral relation. Not only was the acting appalling, the movie was far too long. The movie was not far too long but the acting was appalling. Answer:","[' contradiction',' entailment',' neutral']",0
112,"Determine whether the following pairs of sentences embody an entailment, contradiction, or neutral relation. Not only was the acting appalling, the movie was far too long. The movie was not far too long and the acting was not appalling. Answer:","[' contradiction',' entailment',' neutral']",0
113,"Determine whether the following pairs of sentences embody an entailment, contradiction, or neutral relation. Not only was the acting appalling, the movie was far too long. The movie was too long and not even the acting was not appalling. Answer:","[' contradiction',' entailment',' neutral']",1
114,"Determine whether the following pairs of sentences embody an entailment, contradiction, or neutral relation. Not only was the acting appalling, the movie was far too long. The movie was not too long and not even the acting was appalling. Answer:","[' contradiction',' entailment',' neutral']",0
115,"Determine whether the following pairs of sentences embody an entailment, contradiction, or neutral relation. We had a not very amicable discussion. We did not have a very amicable discussion. Answer:","[' contradiction',' entailment',' neutral']",1
116,"Determine whether the following pairs of sentences embody an entailment, contradiction, or neutral relation. We had a not very amicable discussion. We did not have a discussion. Answer:","[' contradiction',' entailment',' neutral']",0
117,"Determine whether the following pairs of sentences embody an entailment, contradiction, or neutral relation. We had a not very amicable discussion. We had a very amicable discussion. Answer:","[' contradiction',' entailment',' neutral']",0
118,"Determine whether the following pairs of sentences embody an entailment, contradiction, or neutral relation. We had a not very amicable discussion. We had a very not amicable discussion. Answer:","[' contradiction',' entailment',' neutral']",2
119,"Determine whether the following pairs of sentences embody an entailment, contradiction, or neutral relation. It somehow sounded not quite right. It somehow did not sound quite right. Answer:","[' contradiction',' entailment',' neutral']",1
120,"Determine whether the following pairs of sentences embody an entailment, contradiction, or neutral relation. It somehow sounded not quite right. It somehow did not sound right. Answer:","[' contradiction',' entailment',' neutral']",1
121,"Determine whether the following pairs of sentences embody an entailment, contradiction, or neutral relation. It somehow sounded not quite right. It somehow sounded quite not right. Answer:","[' contradiction',' entailment',' neutral']",2
122,"Determine whether the following pairs of sentences embody an entailment, contradiction, or neutral relation. It somehow sounded not quite right. It somehow sounded quite right. Answer:","[' contradiction',' entailment',' neutral']",0
123,"Determine whether the following pairs of sentences embody an entailment, contradiction, or neutral relation. It was so not funny. It was not so funny. Answer:","[' contradiction',' entailment',' neutral']",1
124,"Determine whether the following pairs of sentences embody an entailment, contradiction, or neutral relation. It was so not funny. It was not funny. Answer:","[' contradiction',' entailment',' neutral']",1
125,"Determine whether the following pairs of sentences embody an entailment, contradiction, or neutral relation. It was so not funny. It was so boring. Answer:","[' contradiction',' entailment',' neutral']",2
126,"Determine whether the following pairs of sentences embody an entailment, contradiction, or neutral relation. I found his story not wholly convincing. I did not find his story wholly convincing. Answer:","[' contradiction',' entailment',' neutral']",1
127,"Determine whether the following pairs of sentences embody an entailment, contradiction, or neutral relation. I found his story not wholly convincing. I found his story wholly not convincing. Answer:","[' contradiction',' entailment',' neutral']",0
128,"Determine whether the following pairs of sentences embody an entailment, contradiction, or neutral relation. I found his story not wholly convincing. I found his story wholly convincing. Answer:","[' contradiction',' entailment',' neutral']",0
129,"Determine whether the following pairs of sentences embody an entailment, contradiction, or neutral relation. I found his story not wholly convincing. I did not find his story wholly not convincing. Answer:","[' contradiction',' entailment',' neutral']",1
130,"Determine whether the following pairs of sentences embody an entailment, contradiction, or neutral relation. He spoke not very confidently. He did not speak very confidently. Answer:","[' contradiction',' entailment',' neutral']",1
131,"Determine whether the following pairs of sentences embody an entailment, contradiction, or neutral relation. He spoke not very confidently. He spoke very not confidently. Answer:","[' contradiction',' entailment',' neutral']",0
132,"Determine whether the following pairs of sentences embody an entailment, contradiction, or neutral relation. He spoke not very confidently. He spoke very confidently. Answer:","[' contradiction',' entailment',' neutral']",0
133,"Determine whether the following pairs of sentences embody an entailment, contradiction, or neutral relation. He spoke not very confidently. He did not speak not very confidently. Answer:","[' contradiction',' entailment',' neutral']",0
134,"Determine whether the following pairs of sentences embody an entailment, contradiction, or neutral relation. He spoke not very confidently. He did not speak very not confidently. Answer:","[' contradiction',' entailment',' neutral']",1
135,"Determine whether the following pairs of sentences embody an entailment, contradiction, or neutral relation. Not many of them had been damaged. Many of them had not been damaged. Answer:","[' contradiction',' entailment',' neutral']",1
136,"Determine whether the following pairs of sentences embody an entailment, contradiction, or neutral relation. Not many of them had been damaged. Many of them had been damaged. Answer:","[' contradiction',' entailment',' neutral']",0
137,"Determine whether the following pairs of sentences embody an entailment, contradiction, or neutral relation. Not many of them had been damaged. Some of them had been damaged. Answer:","[' contradiction',' entailment',' neutral']",1
138,"Determine whether the following pairs of sentences embody an entailment, contradiction, or neutral relation. Not many of them had been damaged. Some of them had not been damaged. Answer:","[' contradiction',' entailment',' neutral']",0
139,"Determine whether the following pairs of sentences embody an entailment, contradiction, or neutral relation. It was a not undistinguished private university with a large endowment. It was not an undistinguished private university with a large endowment. Answer:","[' contradiction',' entailment',' neutral']",1
140,"Determine whether the following pairs of sentences embody an entailment, contradiction, or neutral relation. It was a not undistinguished private university with a large endowment. It was not a distinguished private university with a large endowment. Answer:","[' contradiction',' entailment',' neutral']",2
141,"Determine whether the following pairs of sentences embody an entailment, contradiction, or neutral relation. It was a not undistinguished private university with a large endowment. It was a distinguished private university with a large endowment. Answer:","[' contradiction',' entailment',' neutral']",2
142,"Determine whether the following pairs of sentences embody an entailment, contradiction, or neutral relation. It was a not undistinguished private university with a large endowment. It was an undistinguished private university with a large endowment. Answer:","[' contradiction',' entailment',' neutral']",0
143,"Determine whether the following pairs of sentences embody an entailment, contradiction, or neutral relation. She had a not inconsiderable income. She did not have a considerable income. Answer:","[' contradiction',' entailment',' neutral']",2
144,"Determine whether the following pairs of sentences embody an entailment, contradiction, or neutral relation. She had a not inconsiderable income. She had a considerable income. Answer:","[' contradiction',' entailment',' neutral']",2
145,"Determine whether the following pairs of sentences embody an entailment, contradiction, or neutral relation. She had a not inconsiderable income. She had a not considerable income. Answer:","[' contradiction',' entailment',' neutral']",2
146,"Determine whether the following pairs of sentences embody an entailment, contradiction, or neutral relation. She had a not inconsiderable income. She did not have an inconsiderable income. Answer:","[' contradiction',' entailment',' neutral']",1
147,"Determine whether the following pairs of sentences embody an entailment, contradiction, or neutral relation. She had a not inconsiderable income. She had an inconsiderable income. Answer:","[' contradiction',' entailment',' neutral']",0
148,"Determine whether the following pairs of sentences embody an entailment, contradiction, or neutral relation. They had fixed the walls, and purchased some not inelegant furniture. They had fixed the walls, and did not purchase any inelegant furniture. Answer:","[' contradiction',' entailment',' neutral']",1
149,"Determine whether the following pairs of sentences embody an entailment, contradiction, or neutral relation. They had fixed the walls, and purchased some not inelegant furniture. They had fixed the walls, but did not purchase any elegant furniture. Answer:","[' contradiction',' entailment',' neutral']",2
150,"Determine whether the following pairs of sentences embody an entailment, contradiction, or neutral relation. They had fixed the walls, and purchased some not inelegant furniture. They had fixed the walls, but purchased some not elegant furniture. Answer:","[' contradiction',' entailment',' neutral']",2
151,"Determine whether the following pairs of sentences embody an entailment, contradiction, or neutral relation. They had fixed the walls, and purchased some not inelegant furniture. They had fixed the walls, and purchased some inelegant furniture. Answer:","[' contradiction',' entailment',' neutral']",0
152,"Determine whether the following pairs of sentences embody an entailment, contradiction, or neutral relation. They had fixed the walls, and purchased some not inelegant furniture. They had fixed the walls, and purchased some elegant furniture. Answer:","[' contradiction',' entailment',' neutral']",2
153,"Determine whether the following pairs of sentences embody an entailment, contradiction, or neutral relation. That model is not available. That model is unavailable. Answer:","[' contradiction',' entailment',' neutral']",1
154,"Determine whether the following pairs of sentences embody an entailment, contradiction, or neutral relation. Such mistakes are not common. Such mistakes are uncommon. Answer:","[' contradiction',' entailment',' neutral']",2
155,"Determine whether the following pairs of sentences embody an entailment, contradiction, or neutral relation. Not unexpectedly, Charles was late for the meeting. Unexpectedly, Charles was not late for the meeting. Answer:","[' contradiction',' entailment',' neutral']",0
156,"Determine whether the following pairs of sentences embody an entailment, contradiction, or neutral relation. Not unexpectedly, Charles was late for the meeting. Unexpectedly, Charles was late for the meeting. Answer:","[' contradiction',' entailment',' neutral']",0
157,"Determine whether the following pairs of sentences embody an entailment, contradiction, or neutral relation. Not unexpectedly, Charles was late for the meeting. Expectedly, Charles was late for the meeting. Answer:","[' contradiction',' entailment',' neutral']",1
158,"Determine whether the following pairs of sentences embody an entailment, contradiction, or neutral relation. Not unexpectedly, Charles was late for the meeting. Expectedly, Charles was not late for the meeting. Answer:","[' contradiction',' entailment',' neutral']",0
159,"Determine whether the following pairs of sentences embody an entailment, contradiction, or neutral relation. Not unreasonably, he asked for payment in advance. Unreasonably, he did not ask for payment in advance. Answer:","[' contradiction',' entailment',' neutral']",0
160,"Determine whether the following pairs of sentences embody an entailment, contradiction, or neutral relation. Not unreasonably, he asked for payment in advance. Unreasonably, he asked for payment in advance. Answer:","[' contradiction',' entailment',' neutral']",0
161,"Determine whether the following pairs of sentences embody an entailment, contradiction, or neutral relation. Not unreasonably, he asked for payment in advance. Reasonably, he asked for payment in advance. Answer:","[' contradiction',' entailment',' neutral']",1
162,"Determine whether the following pairs of sentences embody an entailment, contradiction, or neutral relation. Not unreasonably, he asked for payment in advance. Reasonably, he did not ask for payment in advance. Answer:","[' contradiction',' entailment',' neutral']",0
163,"Determine whether the following pairs of sentences embody an entailment, contradiction, or neutral relation. Not surprisingly, they didn't want any part of it. Surprisingly, they didn't want any part of it. Answer:","[' contradiction',' entailment',' neutral']",0
164,"Determine whether the following pairs of sentences embody an entailment, contradiction, or neutral relation. Not surprisingly, they didn't want any part of it. Surprisingly, they wanted some part of it. Answer:","[' contradiction',' entailment',' neutral']",0
165,"Determine whether the following pairs of sentences embody an entailment, contradiction, or neutral relation. Not surprisingly, they didn't want any part of it. Not unsurprisingly, they didn't want any part of it. Answer:","[' contradiction',' entailment',' neutral']",0
166,"Determine whether the following pairs of sentences embody an entailment, contradiction, or neutral relation. Not surprisingly, they didn't want any part of it. Not surprisingly, they wanted some part of it. Answer:","[' contradiction',' entailment',' neutral']",0
167,"Determine whether the following pairs of sentences embody an entailment, contradiction, or neutral relation. Not at any stage of the proceedings did she contemplate giving up. She did not contemplate giving up at any stage of the proceedings. Answer:","[' contradiction',' entailment',' neutral']",1
168,"Determine whether the following pairs of sentences embody an entailment, contradiction, or neutral relation. Not at any stage of the proceedings did she contemplate giving up. She did not contemplate giving up. Answer:","[' contradiction',' entailment',' neutral']",1
169,"Determine whether the following pairs of sentences embody an entailment, contradiction, or neutral relation. Not at any stage of the proceedings did she contemplate giving up. She contemplated giving up at some stages of the proceedings. Answer:","[' contradiction',' entailment',' neutral']",0
170,"Determine whether the following pairs of sentences embody an entailment, contradiction, or neutral relation. Not at any stage of the proceedings did she contemplate giving up. At no stage of the proceedings did she contemplate giving up. Answer:","[' contradiction',' entailment',' neutral']",1
171,"Determine whether the following pairs of sentences embody an entailment, contradiction, or neutral relation. Not at any stage of the proceedings did she contemplate giving up. She did not contemplate giving up at some stages of the proceedings. Answer:","[' contradiction',' entailment',' neutral']",1
172,"Determine whether the following pairs of sentences embody an entailment, contradiction, or neutral relation. Not for the first time, she felt utterly betrayed. She did not feel utterly betrayed for the first time. Answer:","[' contradiction',' entailment',' neutral']",1
173,"Determine whether the following pairs of sentences embody an entailment, contradiction, or neutral relation. Not for the first time, she felt utterly betrayed. She did not feel utterly betrayed for the second time. Answer:","[' contradiction',' entailment',' neutral']",2
174,"Determine whether the following pairs of sentences embody an entailment, contradiction, or neutral relation. Not for the first time, she felt utterly betrayed. She did not feel utterly betrayed for the twentieth time. Answer:","[' contradiction',' entailment',' neutral']",2
175,"Determine whether the following pairs of sentences embody an entailment, contradiction, or neutral relation. Not for the first time, she felt utterly betrayed. She had not felt utterly betrayed before. Answer:","[' contradiction',' entailment',' neutral']",0
176,"Determine whether the following pairs of sentences embody an entailment, contradiction, or neutral relation. Not for the first time, she felt utterly betrayed. She had felt utterly betrayed before. Answer:","[' contradiction',' entailment',' neutral']",1
177,"Determine whether the following pairs of sentences embody an entailment, contradiction, or neutral relation. Not for the first time, she felt utterly betrayed. She did not feel utterly betrayed. Answer:","[' contradiction',' entailment',' neutral']",0
178,"Determine whether the following pairs of sentences embody an entailment, contradiction, or neutral relation. Not for the first time, she felt utterly betrayed. She felt utterly betrayed for the first time. Answer:","[' contradiction',' entailment',' neutral']",0
179,"Determine whether the following pairs of sentences embody an entailment, contradiction, or neutral relation. Not for the first time, she felt utterly betrayed. She felt utterly betrayed for the second time. Answer:","[' contradiction',' entailment',' neutral']",2
180,"Determine whether the following pairs of sentences embody an entailment, contradiction, or neutral relation. Not for the first time, she felt utterly betrayed. She felt utterly betrayed for the twentieth time. Answer:","[' contradiction',' entailment',' neutral']",2
181,"Determine whether the following pairs of sentences embody an entailment, contradiction, or neutral relation. Not for the first time, she felt utterly betrayed. It was not the first time that she felt utterly betrayed. Answer:","[' contradiction',' entailment',' neutral']",1
182,"Determine whether the following pairs of sentences embody an entailment, contradiction, or neutral relation. Not an accomplished dancer, he moved rather clumsily. Though not an accomplished dancer, he did not move clumsily. Answer:","[' contradiction',' entailment',' neutral']",0
183,"Determine whether the following pairs of sentences embody an entailment, contradiction, or neutral relation. Not an accomplished dancer, he moved rather clumsily. Being an accomplished dancer, he did not move clumsily. Answer:","[' contradiction',' entailment',' neutral']",0
184,"Determine whether the following pairs of sentences embody an entailment, contradiction, or neutral relation. Not an accomplished dancer, he moved rather clumsily. Though being an accomplished dancer, he moved rather clumsily. Answer:","[' contradiction',' entailment',' neutral']",0
185,"Determine whether the following pairs of sentences embody an entailment, contradiction, or neutral relation. Not an accomplished dancer, he moved rather clumsily. He moved rather clumsily because he was not an accomplished dancer. Answer:","[' contradiction',' entailment',' neutral']",1
186,"Determine whether the following pairs of sentences embody an entailment, contradiction, or neutral relation. Not under any illusions about the matter, he continued to be cautious. Under some illusions about the matter, he did not continue to be cautious. Answer:","[' contradiction',' entailment',' neutral']",0
187,"Determine whether the following pairs of sentences embody an entailment, contradiction, or neutral relation. Not under any illusions about the matter, he continued to be cautious. Under some illusions about the matter, he continued to be cautious. Answer:","[' contradiction',' entailment',' neutral']",0
188,"Determine whether the following pairs of sentences embody an entailment, contradiction, or neutral relation. Not under any illusions about the matter, he continued to be cautious. Though not under any illusions about the matter, he did not continue to be cautious. Answer:","[' contradiction',' entailment',' neutral']",0
189,"Determine whether the following pairs of sentences embody an entailment, contradiction, or neutral relation. Not under any illusions about the matter, he continued to be cautious. He continued to be cautious because he was not under any illusions about the matter. Answer:","[' contradiction',' entailment',' neutral']",1
190,"Determine whether the following pairs of sentences embody an entailment, contradiction, or neutral relation. Not under any illusions about the matter, he continued to be cautious. He continued to be cautious. Answer:","[' contradiction',' entailment',' neutral']",1
191,"Determine whether the following pairs of sentences embody an entailment, contradiction, or neutral relation. Not under any illusions about the matter, he continued to be cautious. He didn't continue to be cautious. Answer:","[' contradiction',' entailment',' neutral']",0
192,"Determine whether the following pairs of sentences embody an entailment, contradiction, or neutral relation. We need someone not afraid of taking risks. We do not need someone afraid of taking risks. Answer:","[' contradiction',' entailment',' neutral']",1
193,"Determine whether the following pairs of sentences embody an entailment, contradiction, or neutral relation. We need someone not afraid of taking risks. We do not need someone not afraid of taking risks. Answer:","[' contradiction',' entailment',' neutral']",0
194,"Determine whether the following pairs of sentences embody an entailment, contradiction, or neutral relation. We need someone not afraid of taking risks. We need someone afraid of taking risks. Answer:","[' contradiction',' entailment',' neutral']",0
195,"Determine whether the following pairs of sentences embody an entailment, contradiction, or neutral relation. There are spare blankets in here, not that you'll have any need of them. There are no spare blankets in here, not that you'll have any need of them. Answer:","[' contradiction',' entailment',' neutral']",0
196,"Determine whether the following pairs of sentences embody an entailment, contradiction, or neutral relation. There are spare blankets in here, not that you'll have any need of them. There are no spare blankets in here, you'll need them. Answer:","[' contradiction',' entailment',' neutral']",0
197,"Determine whether the following pairs of sentences embody an entailment, contradiction, or neutral relation. There are spare blankets in here, not that you'll have any need of them. There are spare blankets in here, you will not have any need of them. Answer:","[' contradiction',' entailment',' neutral']",1
198,"Determine whether the following pairs of sentences embody an entailment, contradiction, or neutral relation. There are spare blankets in here, not that you'll have any need of them. There are spare blankets in here, you'll need them. Answer:","[' contradiction',' entailment',' neutral']",0
199,"Determine whether the following pairs of sentences embody an entailment, contradiction, or neutral relation. They are now leaving not on Friday, but on Saturday. They are now leaving on Friday, not on Saturday. Answer:","[' contradiction',' entailment',' neutral']",0
200,"Determine whether the following pairs of sentences embody an entailment, contradiction, or neutral relation. They are now leaving not on Friday, but on Saturday. They are now leaving on Saturday instead of Friday. Answer:","[' contradiction',' entailment',' neutral']",1
201,"Determine whether the following pairs of sentences embody an entailment, contradiction, or neutral relation. They are now leaving not on Friday, but on Saturday. They are now leaving not on Saturday, but on Friday. Answer:","[' contradiction',' entailment',' neutral']",0
202,"Determine whether the following pairs of sentences embody an entailment, contradiction, or neutral relation. They are now leaving not on Friday, but on Saturday. They are now leaving on Saturday. Answer:","[' contradiction',' entailment',' neutral']",1
203,"Determine whether the following pairs of sentences embody an entailment, contradiction, or neutral relation. They are now leaving not on Friday, but on Saturday. They are now not leaving on Saturday. Answer:","[' contradiction',' entailment',' neutral']",0
204,"Determine whether the following pairs of sentences embody an entailment, contradiction, or neutral relation. They are now leaving not on Friday, but on Saturday. They are now leaving on Friday. Answer:","[' contradiction',' entailment',' neutral']",0
205,"Determine whether the following pairs of sentences embody an entailment, contradiction, or neutral relation. They are now leaving on Saturday, not on Friday. They are now leaving not on Saturday, but on Friday. Answer:","[' contradiction',' entailment',' neutral']",0
206,"Determine whether the following pairs of sentences embody an entailment, contradiction, or neutral relation. They are now leaving on Saturday, not on Friday. They are now leaving on Saturday instead of Friday. Answer:","[' contradiction',' entailment',' neutral']",1
207,"Determine whether the following pairs of sentences embody an entailment, contradiction, or neutral relation. They are now leaving on Saturday, not on Friday. They are now leaving not on Friday, but on Saturday. Answer:","[' contradiction',' entailment',' neutral']",1
208,"Determine whether the following pairs of sentences embody an entailment, contradiction, or neutral relation. They are now leaving on Saturday, not on Friday. They are now leaving on Saturday. Answer:","[' contradiction',' entailment',' neutral']",1
209,"Determine whether the following pairs of sentences embody an entailment, contradiction, or neutral relation. They are now leaving on Saturday, not on Friday. They are now not leaving on Saturday. Answer:","[' contradiction',' entailment',' neutral']",0
210,"Determine whether the following pairs of sentences embody an entailment, contradiction, or neutral relation. They are now leaving on Saturday, not on Friday. They are now not leaving on Friday. Answer:","[' contradiction',' entailment',' neutral']",1
211,"Determine whether the following pairs of sentences embody an entailment, contradiction, or neutral relation. They've invited you and your brother, but not me. They've invited you and your brother, and me. Answer:","[' contradiction',' entailment',' neutral']",0
212,"Determine whether the following pairs of sentences embody an entailment, contradiction, or neutral relation. They've invited you and your brother, but not me. They've invited not you and your brother, but me. Answer:","[' contradiction',' entailment',' neutral']",0
213,"Determine whether the following pairs of sentences embody an entailment, contradiction, or neutral relation. They've invited you and your brother, but not me. They've invited not you and your brother, nor me. Answer:","[' contradiction',' entailment',' neutral']",0
214,"Determine whether the following pairs of sentences embody an entailment, contradiction, or neutral relation. They've invited you and your brother, but not me. They've invited me. Answer:","[' contradiction',' entailment',' neutral']",0
215,"Determine whether the following pairs of sentences embody an entailment, contradiction, or neutral relation. They've invited you and your brother, but not me. They've invited you. Answer:","[' contradiction',' entailment',' neutral']",1
216,"Determine whether the following pairs of sentences embody an entailment, contradiction, or neutral relation. They've invited you and your brother, but not me. They've invited your brother. Answer:","[' contradiction',' entailment',' neutral']",1
217,"Determine whether the following pairs of sentences embody an entailment, contradiction, or neutral relation. They've invited you and your brother, but not me. They have not invited me. Answer:","[' contradiction',' entailment',' neutral']",1
218,"Determine whether the following pairs of sentences embody an entailment, contradiction, or neutral relation. They've invited you and your brother, but not me. They have not invited your brother. Answer:","[' contradiction',' entailment',' neutral']",0
219,"Determine whether the following pairs of sentences embody an entailment, contradiction, or neutral relation. They've invited you and your brother, but not me. They have not invited you. Answer:","[' contradiction',' entailment',' neutral']",0
220,"Determine whether the following pairs of sentences embody an entailment, contradiction, or neutral relation. They've invited you and your brother, but not me. They've invited you and me, but not your brother. Answer:","[' contradiction',' entailment',' neutral']",0
221,"Determine whether the following pairs of sentences embody an entailment, contradiction, or neutral relation. The night turned cold under a sky with stars that shone, not twinkled, in the diamond-clear air. The night turned cold under a sky with stars that twinkled, not shone, in the diamond-clear air. Answer:","[' contradiction',' entailment',' neutral']",0
222,"Determine whether the following pairs of sentences embody an entailment, contradiction, or neutral relation. The night turned cold under a sky with stars that shone, not twinkled, in the diamond-clear air. The night turned cold under a sky with stars that did not twinkle, but shone, in the diamond-clear air. Answer:","[' contradiction',' entailment',' neutral']",1
223,"Determine whether the following pairs of sentences embody an entailment, contradiction, or neutral relation. The night turned cold under a sky with stars that shone, not twinkled, in the diamond-clear air. The night turned cold under a sky with stars that did not shine, but twinkled, in the diamond-clear air. Answer:","[' contradiction',' entailment',' neutral']",0
224,"Determine whether the following pairs of sentences embody an entailment, contradiction, or neutral relation. The night turned cold under a sky with stars that shone, not twinkled, in the diamond-clear air. The night turned cold under a sky with stars that shone and twinkled in the diamond-clear air. Answer:","[' contradiction',' entailment',' neutral']",0
225,"Determine whether the following pairs of sentences embody an entailment, contradiction, or neutral relation. She rarely goes out these days. She doesn't go out often these days. Answer:","[' contradiction',' entailment',' neutral']",1
226,"Determine whether the following pairs of sentences embody an entailment, contradiction, or neutral relation. She rarely goes out these days. She never goes out these days. Answer:","[' contradiction',' entailment',' neutral']",0
227,"Determine whether the following pairs of sentences embody an entailment, contradiction, or neutral relation. She rarely goes out these days. She doesn't go out these days. Answer:","[' contradiction',' entailment',' neutral']",0
228,"Determine whether the following pairs of sentences embody an entailment, contradiction, or neutral relation. She rarely goes out these days. She goes out these days, but not often. Answer:","[' contradiction',' entailment',' neutral']",1
229,"Determine whether the following pairs of sentences embody an entailment, contradiction, or neutral relation. This phone hardly lags. This phone never lags. Answer:","[' contradiction',' entailment',' neutral']",0
230,"Determine whether the following pairs of sentences embody an entailment, contradiction, or neutral relation. This phone hardly lags. This phone does not lag. Answer:","[' contradiction',' entailment',' neutral']",0
231,"Determine whether the following pairs of sentences embody an entailment, contradiction, or neutral relation. This phone hardly lags. This phone does not lag often. Answer:","[' contradiction',' entailment',' neutral']",1
232,"Determine whether the following pairs of sentences embody an entailment, contradiction, or neutral relation. This phone hardly lags. This phone lags, but not often. Answer:","[' contradiction',' entailment',' neutral']",1
233,"Determine whether the following pairs of sentences embody an entailment, contradiction, or neutral relation. Little of the liquid spilled. Not much of the liquid spilled. Answer:","[' contradiction',' entailment',' neutral']",1
234,"Determine whether the following pairs of sentences embody an entailment, contradiction, or neutral relation. Little of the liquid spilled. None of the liquid spilled. Answer:","[' contradiction',' entailment',' neutral']",0
235,"Determine whether the following pairs of sentences embody an entailment, contradiction, or neutral relation. Little of the liquid spilled. Lots of the liquid spilled. Answer:","[' contradiction',' entailment',' neutral']",0
236,"Determine whether the following pairs of sentences embody an entailment, contradiction, or neutral relation. Little of the liquid spilled. The liquid spilled, but not much. Answer:","[' contradiction',' entailment',' neutral']",1
237,"Determine whether the following pairs of sentences embody an entailment, contradiction, or neutral relation. One seldom sees such birds. One doesn't often see such birds. Answer:","[' contradiction',' entailment',' neutral']",1
238,"Determine whether the following pairs of sentences embody an entailment, contradiction, or neutral relation. One seldom sees such birds. One doesn't see such birds. Answer:","[' contradiction',' entailment',' neutral']",0
239,"Determine whether the following pairs of sentences embody an entailment, contradiction, or neutral relation. One seldom sees such birds. One sees such birds, but not often. Answer:","[' contradiction',' entailment',' neutral']",1
240,"Determine whether the following pairs of sentences embody an entailment, contradiction, or neutral relation. One seldom sees such birds. One never sees such birds. Answer:","[' contradiction',' entailment',' neutral']",0
241,"Determine whether the following pairs of sentences embody an entailment, contradiction, or neutral relation. None of them supported her. Few of them supported her. Answer:","[' contradiction',' entailment',' neutral']",0
242,"Determine whether the following pairs of sentences embody an entailment, contradiction, or neutral relation. None of them supported her. Not one of them supported her. Answer:","[' contradiction',' entailment',' neutral']",1
243,"Determine whether the following pairs of sentences embody an entailment, contradiction, or neutral relation. None of them supported her. One of them supported her. Answer:","[' contradiction',' entailment',' neutral']",0
244,"Determine whether the following pairs of sentences embody an entailment, contradiction, or neutral relation. None of them supported her. One of them did not support her. Answer:","[' contradiction',' entailment',' neutral']",1
245,"Determine whether the following pairs of sentences embody an entailment, contradiction, or neutral relation. None of them supported her. Two of them supported her. Answer:","[' contradiction',' entailment',' neutral']",0
246,"Determine whether the following pairs of sentences embody an entailment, contradiction, or neutral relation. None of them supported her. Two of them did not support her. Answer:","[' contradiction',' entailment',' neutral']",1
247,"Determine whether the following pairs of sentences embody an entailment, contradiction, or neutral relation. None of them supported her. Twenty of them supported her. Answer:","[' contradiction',' entailment',' neutral']",0
248,"Determine whether the following pairs of sentences embody an entailment, contradiction, or neutral relation. None of them supported her. Twenty of them did not support her. Answer:","[' contradiction',' entailment',' neutral']",1
249,"Determine whether the following pairs of sentences embody an entailment, contradiction, or neutral relation. You can not answer their letters: you're not legally required to respond. You can answer their letters. Answer:","[' contradiction',' entailment',' neutral']",2
250,"Determine whether the following pairs of sentences embody an entailment, contradiction, or neutral relation. You can not answer their letters. You don't have to answer their letters. Answer:","[' contradiction',' entailment',' neutral']",1
251,"Determine whether the following pairs of sentences embody an entailment, contradiction, or neutral relation. They must not read it. It is required that they not read it. Answer:","[' contradiction',' entailment',' neutral']",1
252,"Determine whether the following pairs of sentences embody an entailment, contradiction, or neutral relation. They must not read it. They need not read it. Answer:","[' contradiction',' entailment',' neutral']",2
253,"Determine whether the following pairs of sentences embody an entailment, contradiction, or neutral relation. They must not read it. They should not read it. Answer:","[' contradiction',' entailment',' neutral']",1
254,"Determine whether the following pairs of sentences embody an entailment, contradiction, or neutral relation. We were friends at no time. We were friends in no time. Answer:","[' contradiction',' entailment',' neutral']",0
255,"Determine whether the following pairs of sentences embody an entailment, contradiction, or neutral relation. We were friends at no time. We were not friends. Answer:","[' contradiction',' entailment',' neutral']",1
256,"Determine whether the following pairs of sentences embody an entailment, contradiction, or neutral relation. I can't stop reading this book. I am not reading this book. Answer:","[' contradiction',' entailment',' neutral']",0
257,"Determine whether the following pairs of sentences embody an entailment, contradiction, or neutral relation. I can't stop reading this book. I am reading this book. Answer:","[' contradiction',' entailment',' neutral']",1
